Linda.Beatty76,3008-663607-2133,959,Mastercard
Ilene_Koss49,3014-163654-1744,517,Mastercard
Arne39,3054-406676-7927,495,Visa
Pattie.Stehr24,3415-873175-06952,349,Visa
Rosamond20,3422-458584-90741,55,Mastercard
Lewis76,3460-160805-81314,628,Mastercard
Lafayette.Koch4,3484-903874-96015,265,Mastercard
Liliane62,3496-083607-31905,568,Visa
Darwin76,3528-0766-0209-4984,404,Visa
Lyric82,3528-2985-7305-4264,571,Visa
Maiya7,3528-6055-2517-3943,487,Visa
Hayley.Ryan,3528-6512-6253-4824,345,Mastercard
Dedrick_Doyle,3528-7474-4895-7549,510,Mastercard
Charlie48,3528-9922-0695-4993,116,Mastercard
Misty22,3529-0745-1073-3341,862,Mastercard
Margarett_Morar,3529-2670-7525-7395,507,Mastercard
Loy38,3529-8062-7247-4665,417,Visa
Lee.Metz,3529-8616-0629-6375,876,Visa
Hermann_Cassin2,3541-0071-5053-6434,82,Mastercard
Marisa.Smith,3541-9146-1464-7483,203,Visa
Quinn_Mayert60,3575-4172-9290-3116,473,Mastercard
Rubie.Abshire63,3614-494909-6980,507,Visa
Lucie.Dach,3614-645208-7951,110,Mastercard
Mustafa_Walker,3653-274340-5464,333,Mastercard
Kareem_Schaden9,3671-531303-4996,284,Visa
Monty.Satterfie,3726-358256-46067,176,Mastercard
Caesar_Carter67,3735-688747-28246,615,Mastercard
Susanna_Botsfor,3783-033520-35364,962,Visa
Madaline.Jones2,3790-495712-16643,300,Mastercard
Chasity20,3797-247032-59238,649,Visa
Noah_Kuhn,4208-0917-6670-6849,363,Mastercard
Missouri.Kertzm,4223-7688-9900-9772,93,Visa
Uriah_McCulloug,4376394470569,300,Mastercard
Skylar.Watsica,4565246557264,104,Visa
Giovanna.Maggio,4572618840890,465,Visa
Hermina_Baumbac,4708995251632,380,Visa
Catharine.White,4764-5816-8232-7684,115,Visa
Tabitha_Pouros7,4764806635194,747,Mastercard
Diego.Casper84,4861-7186-9649-4009,888,Mastercard
Quinn87,4974434627545,369,Visa
Amira_Simonis,5018-1003-3945-0295,559,Visa
Fabian53,501840069997158775,923,Visa
Roman.Ernser,5020061640315082012,151,Mastercard
Verlie.Weber63,502008702903412464,766,Visa
Jordane.Rath13,5038-6000-6749-0981,511,Visa
Yasmine.Sawayn3,5143-4323-6556-6427,610,Visa
Albin_Reinger,5374-8390-2875-2162,403,Visa
Alice33,5412-1403-0177-4858,790,Visa
Rita_Schiller,5440-6858-9000-5369,455,Visa
Rosalinda30,5451-1748-9104-3204,754,Visa
Alvera_Kris81,5486-1266-7944-5440,422,Visa
Ramona8,5582-8114-6588-0166,977,Visa
Geovany.Heller,5893-6589-1518-9506,516,Mastercard
Vincent_Block33,6011-5652-7848-0753,402,Mastercard
Mariane60,6011-6255-9861-3717-47,674,Visa
Citlalli66,6011-9055-4408-8376,418,Mastercard
Prudence_Batz17,6304-1148-7984-3188,675,Visa
Mossie.Wehner91,6374-5218-2104-0868,420,Visa
Alisa.Streich48,6390-7148-0060-5847,429,Mastercard
Peyton_VonRuede,6445-6241-0059-4238-78,798,Mastercard
Jamey42,6464-3484-7190-7221,495,Visa
Arnaldo.Abbott5,6472-6223-0648-1906-88,565,Mastercard
Aylin.Tillman,6552-6269-7878-8593-02,953,Visa
Diamond.Becker6,6585-6267-4084-3810-66,442,Visa
Rashad_Halvorso,6592-6872-3118-9080,784,Mastercard
Houston39,6706111411914273,492,Visa
Ellie_Luettgen,6706672475565875,532,Visa
Earnestine.DAmo,6706886373111493,693,Visa
Colby_Dickinson,6709058743101923357,568,Visa
Mathilde13,6709089763571903807,537,Visa
Narciso59,6709189552052409,200,Visa
Marilyne.Gulgow,6709699384407603,203,Mastercard
Miguel.Tillman3,6709965816912435,322,Mastercard
Monty_Paucek92,6759-2673-2672-0123-41,567,Visa
Deon19,6759-3491-8854-5991-12,778,Mastercard
Jett_Murphy3,6759-3656-2701-6709-75,459,Mastercard
Alysha10,6759-6228-2902-7250,827,Mastercard
Jayda_Huel,6759-7560-6187-0215,676,Mastercard
Angelica84,6759-7915-8288-3076,208,Mastercard
Jaydon28,6759-9299-4507-0116-42,456,Visa
Darwin_OHara,6759-9459-5954-1317-53,120,Mastercard
Eleonore14,6759-9549-4926-0487-53,960,Mastercard
Dennis_Lakin79,6767-0533-0947-8102-38,508,Visa
Emmie_Yost57,6767-2119-2355-2417-68,139,Mastercard
Ayla.Gerlach13,6767-2245-5556-6157,792,Mastercard
Tianna70,6767-3283-9252-1216-61,775,Mastercard
Isobel_Kshlerin,6767-3375-4734-8177,311,Visa
Hershel47,6767-3642-4761-6953-04,174,Mastercard
Annabel56,6767-4537-7376-8479-32,525,Visa
Uriah_Bailey,6767-5805-2747-3689,419,Visa
Heather.Smitham,6767-8546-9498-0315-95,882,Visa
Master,6767-9535-5642-3786-10,153,Mastercard
Rafael27,6767-9535-5642-3786-11,939,Mastercard
Kenton.Kuphal,6767-9553-3867-3231-72,471,Visa
Judge75,6771-8903-5904-5051,433,Mastercard
Katarina17,6771-8906-0734-7479,790,Mastercard
Tanya_Brakus66,6771-8911-1338-9054,678,Visa
Jacey24,6771-8945-5360-0014,712,Mastercard
Alexandro_Auer,6771384360698559,585,Mastercard
Stefan50,6771407506184200,153,Mastercard
Scarlett.Bednar,6771472430968096,150,Mastercard
