2,2019-04-27,2019-07-09,VCA122,FALSE,73,3529-8616-0629-6375
3,2019-05-05,2019-08-20,VCA123,FALSE,107,3460-160805-81314
4,2019-06-01,2019-09-03,VCA124,FALSE,94,3496-083607-31905
5,2019-06-11,2019-09-08,VCA125,FALSE,89,3008-663607-2133
6,2019-06-28,2019-09-10,VCA126,FALSE,74,3529-8062-7247-4665
7,2019-07-17,2019-12-11,VCA127,TRUE,141,3614-645208-7951
8,2019-08-25,2020-09-06,VCA128,FALSE,378,3528-2985-7305-4264
9,2019-09-10,2020-11-01,VCA129,FALSE,418,3790-495712-16643
10,2020-06-08,2020-11-17,VCA130,FALSE,162,3528-6055-2517-3943
11,2020-07-23,2021-01-26,VCA131,FALSE,187,3529-2670-7525-7395
12,2020-09-10,2021-02-03,VCA132,FALSE,146,6011-6255-9861-3717-47
13,2020-11-05,2021-03-18,VCA133,FALSE,133,6709699384407603
14,2021-03-24,2021-03-25,VCA134,FALSE,1,3541-9146-1464-7483
15,2021-04-01,2021-04-19,VCA135,FALSE,18,6709-0897-6357-1903-80
16,2021-05-11,2021-07-07,VCA136,FALSE,57,6709965816912435
17,2021-10-08,2021-12-30,VCA137,FALSE,83,4223-7688-9900-9772
18,2021-12-22,2021-12-31,VCA138,FALSE,9,3529-0745-1073-3341
19,2019-05-19,2019-08-16,VCA122,FALSE,89,6759-2673-2672-0123-41
20,2019-08-13,2019-09-12,VCA123,FALSE,30,3726-358256-46067
21,2019-09-27,2019-11-17,VCA124,TRUE,19,6374-5218-2104-0868
22,2019-10-14,2020-03-30,VCA125,FALSE,168,3653-274340-5464
23,2019-10-22,2020-03-31,VCA126,FALSE,161,6709-1895-5205-2409
24,2019-12-22,2020-04-08,VCA127,FALSE,108,4208-0917-6670-6849
25,2020-01-24,2020-08-13,VCA128,FALSE,202,3415-873175-06952
26,2020-06-08,2020-08-21,VCA129,FALSE,74,6445-6241-0059-4238-78
27,2020-09-14,2020-10-24,VCA130,FALSE,40,6304-1148-7984-3188
28,2020-10-06,2020-10-26,VCA131,TRUE,4,3575-4172-9290-3116
29,2020-10-12,2020-11-18,VCA132,FALSE,37,4974-4346-27545
30,2020-10-26,2020-12-07,VCA133,FALSE,42,6767-9535-5642-3786-11
31,2020-12-13,2021-01-18,VCA134,FALSE,36,5582-8114-6588-0166
32,2021-01-29,2021-02-01,VCA135,FALSE,3,6592-6872-3118-9080
33,2021-03-29,2021-04-09,VCA136,FALSE,11,5440-6858-9000-5369
34,2021-07-23,2021-08-04,VCA137,FALSE,12,5020-0616-4031-5082-12
35,2021-09-05,2021-11-08,VCA138,TRUE,69,5451-1748-9104-3204
36,2019-06-30,2019-07-09,VCA122,FALSE,9,3422-458584-90741
37,2019-08-20,2019-10-09,VCA123,FALSE,50,3614-494909-6980
38,2019-09-03,2019-10-30,VCA124,FALSE,57,6771472430968096
39,2019-09-08,2019-10-31,VCA125,FALSE,53,4565-2465-57264
40,2019-09-10,2019-11-19,VCA126,FALSE,70,6771407506184200
41,2019-12-11,2020-01-09,VCA127,FALSE,29,3783-033520-35364
42,2020-03-06,2020-09-06,VCA128,TRUE,90,4764-8066-35194
43,2020-07-10,2020-11-01,VCA129,FALSE,114,6771-8911-1338-9054
44,2020-11-17,2020-12-12,VCA130,FALSE,25,6767-3283-9252-1216-61
45,2021-01-26,2021-03-23,VCA131,FALSE,56,6767-5805-2747-3689
46,2021-02-03,2021-04-20,VCA132,FALSE,76,4376-3944-70569
47,2021-03-18,2021-05-04,VCA133,FALSE,47,5020-0870-2903-4124-64
48,2021-03-24,2021-06-24,VCA134,FALSE,92,6011-5652-7848-0753
49,2021-04-19,2021-06-28,VCA135,TRUE,26,5143-4323-6556-6427
50,2021-05-11,2021-07-26,VCA136,FALSE,76,3671-531303-4996
51,2021-07-30,2021-10-08,VCA137,FALSE,70,6759-3656-2701-6709-75
52,2021-10-25,2021-12-22,VCA138,FALSE,58,5038-6000-6749-0981
53,2019-05-19,2019-08-31,VCA122,FALSE,104,6771-8903-5904-5051
54,2019-08-13,2019-09-03,VCA123,FALSE,21,3671-531303-4996
55,2019-10-02,2019-11-17,VCA124,FALSE,46,3008-663607-2133
56,2020-01-24,2020-03-30,VCA125,TRUE,18,6771-8945-5360-0014
57,2020-01-28,2020-03-31,VCA126,FALSE,63,6464-3484-7190-7221
58,2020-02-29,2020-04-08,VCA127,FALSE,39,6767-4537-7376-8479-32
59,2020-03-09,2020-08-13,VCA128,FALSE,157,6472-6223-0648-1906-88
60,2020-08-21,2020-10-29,VCA129,FALSE,69,3054-406676-7927
61,2020-09-14,2021-01-04,VCA130,FALSE,112,6767-2245-5556-6157
62,2020-10-06,2021-01-15,VCA131,FALSE,101,6552-6269-7878-8593-02
63,2020-10-12,2021-01-30,VCA132,TRUE,63,3735-688747-28246
64,2020-10-26,2021-02-03,VCA133,FALSE,100,4764-5816-8232-7684
65,2021-01-18,2021-04-12,VCA134,FALSE,84,3528-9922-0695-4993
66,2021-02-01,2021-06-20,VCA135,FALSE,139,3797-247032-59238
67,2021-03-29,2021-09-14,VCA136,FALSE,169,6011-9055-4408-8376
68,2021-08-04,2021-09-29,VCA137,FALSE,56,6709-0587-4310-1923-35
69,2021-09-05,2021-10-22,VCA138,FALSE,47,6759-9459-5954-1317-53
70,2019-04-27,2019-07-09,VCA122,TRUE,36,3529-8062-7247-4665
71,2019-05-05,2019-08-20,VCA123,FALSE,107,3528-0766-0209-4984
72,2019-06-01,2019-09-03,VCA124,FALSE,94,3528-7474-4895-7549
73,2019-06-11,2019-09-08,VCA125,FALSE,89,6767-0533-0947-8102-38
74,2019-06-28,2019-09-10,VCA126,FALSE,74,6759-3491-8854-5991-12
75,2019-07-17,2019-12-11,VCA127,FALSE,147,6585-6267-4084-3810-66
76,2019-08-25,2020-09-06,VCA128,FALSE,378,4861-7186-9649-4009
77,2019-09-10,2020-11-01,VCA129,TRUE,204,6706-8863-7311-1493
78,2020-06-08,2020-11-17,VCA130,FALSE,162,3790-495712-16643
79,2020-07-23,2021-01-26,VCA131,FALSE,187,6759-9549-4926-0487-53
80,2020-09-10,2021-02-03,VCA132,FALSE,146,6706-6724-7556-5875
81,2020-11-05,2021-03-18,VCA133,FALSE,133,6767-2119-2355-2417-68
82,2021-03-24,2021-03-25,VCA134,FALSE,1,5018-4006-9997-1587-75
83,2021-04-01,2021-04-19,VCA135,FALSE,18,5893-6589-1518-9506
84,2021-05-11,2021-07-07,VCA136,TRUE,45,6709-0897-6357-1903-80
85,2021-10-08,2021-12-30,VCA137,FALSE,83,3528-6512-6253-4824
86,2021-12-22,2021-12-31,VCA138,FALSE,9,6767-8546-9498-0315-95
87,2019-05-19,2019-08-16,VCA122,FALSE,89,3541-0071-5053-6434
88,2019-08-13,2019-09-12,VCA123,FALSE,30,4708-9952-51632
89,2019-09-27,2019-11-17,VCA124,FALSE,51,6374-5218-2104-0868
90,2019-10-14,2020-03-30,VCA125,FALSE,168,6445-6241-0059-4238-78
91,2019-10-22,2020-03-31,VCA126,TRUE,189,6304-1148-7984-3188
92,2019-12-22,2020-04-08,VCA127,FALSE,108,3575-4172-9290-3116
93,2020-01-24,2020-08-13,VCA128,FALSE,202,4974-4346-27545
94,2020-06-08,2020-08-21,VCA129,FALSE,74,6767-9535-5642-3786-11
95,2020-09-14,2020-10-24,VCA130,FALSE,40,5582-8114-6588-0166
96,2020-10-06,2020-10-26,VCA131,FALSE,20,6592-6872-3118-9080
97,2020-10-12,2020-11-18,VCA132,FALSE,37,5440-6858-9000-5369
98,2020-10-26,2020-12-07,VCA133,TRUE,43,5020-0616-4031-5082-12
99,2020-12-13,2021-01-18,VCA134,FALSE,36,5451-1748-9104-3204
100,2021-01-29,2021-02-01,VCA135,FALSE,3,3422-458584-90741
101,2021-03-29,2021-04-09,VCA136,FALSE,11,3614-494909-6980
102,2021-07-23,2021-08-04,VCA137,FALSE,12,6771472430968096
103,2021-09-05,2021-11-08,VCA138,FALSE,64,4565-2465-57264
104,2019-06-30,2019-07-09,VCA122,FALSE,9,6771407506184200
105,2019-08-20,2019-10-09,VCA123,TRUE,54,3783-033520-35364
106,2019-09-03,2019-10-30,VCA124,FALSE,57,4764-8066-35194
107,2019-09-08,2019-10-31,VCA125,FALSE,53,6771-8911-1338-9054
108,2019-09-10,2019-11-19,VCA126,FALSE,70,6767-3283-9252-1216-61
109,2019-12-11,2020-01-09,VCA127,FALSE,29,6767-5805-2747-3689
110,2020-03-06,2020-09-06,VCA128,FALSE,184,4376-3944-70569
111,2020-07-10,2020-11-01,VCA129,FALSE,114,5020-0870-2903-4124-64
112,2020-11-17,2020-12-12,VCA130,TRUE,9,6011-5652-7848-0753
113,2021-01-26,2021-03-23,VCA131,FALSE,56,5143-4323-6556-6427
114,2021-02-03,2021-04-20,VCA132,FALSE,76,3671-531303-4996
115,2021-03-18,2021-05-04,VCA133,FALSE,47,6767-3642-4761-6953-04
116,2021-03-24,2021-06-24,VCA134,FALSE,92,6706-1114-1191-4273
117,2021-04-19,2021-06-28,VCA135,FALSE,70,3014-163654-1744
118,2021-05-11,2021-07-26,VCA136,FALSE,76,6767-3375-4734-8177
119,2021-07-30,2021-10-08,VCA137,TRUE,78,6771-8945-5360-0014
120,2021-10-25,2021-12-22,VCA138,FALSE,58,6464-3484-7190-7221
121,2019-05-19,2019-08-31,VCA122,FALSE,104,6759-7560-6187-0215
122,2019-08-13,2019-09-03,VCA123,FALSE,21,3528-0766-0209-4984
123,2019-10-02,2019-11-17,VCA124,FALSE,46,3528-7474-4895-7549
124,2020-01-24,2020-03-30,VCA125,FALSE,66,6767-0533-0947-8102-38
125,2020-01-28,2020-03-31,VCA126,FALSE,63,6759-3491-8854-5991-12
126,2020-02-29,2020-04-08,VCA127,TRUE,37,6585-6267-4084-3810-66
127,2020-03-09,2020-08-13,VCA128,FALSE,157,4861-7186-9649-4009
128,2020-08-21,2020-10-29,VCA129,FALSE,69,6706-8863-7311-1493
129,2020-09-14,2021-01-04,VCA130,FALSE,112,3008-663607-2133
130,2020-10-06,2021-01-15,VCA131,FALSE,101,5374-8390-2875-2162
131,2020-10-12,2021-01-30,VCA132,FALSE,110,6771384360698559
132,2020-10-26,2021-02-03,VCA133,FALSE,100,5412-1403-0177-4858
133,2021-01-18,2021-04-12,VCA134,TRUE,43,6390-7148-0060-5847
134,2021-02-01,2021-06-20,VCA135,FALSE,139,5486-1266-7944-5440
135,2021-03-29,2021-09-14,VCA136,FALSE,169,6759-6228-2902-7250
136,2021-08-04,2021-09-29,VCA137,FALSE,56,5018-1003-3945-0295
137,2021-09-05,2021-10-22,VCA138,FALSE,47,6759-7915-8288-3076
138,2019-04-27,2019-07-09,VCA122,FALSE,73,5374-8390-2875-2162
139,2019-05-05,2019-08-20,VCA123,FALSE,107,6771384360698559
140,2019-06-01,2019-09-03,VCA124,TRUE,63,5412-1403-0177-4858
141,2019-06-11,2019-09-08,VCA125,FALSE,89,6390-7148-0060-5847
142,2019-06-28,2019-09-10,VCA126,FALSE,74,5486-1266-7944-5440
143,2019-07-17,2019-12-11,VCA127,FALSE,147,6759-6228-2902-7250
144,2019-08-25,2020-09-06,VCA128,FALSE,378,5018-1003-3945-0295
145,2019-09-10,2020-11-01,VCA129,FALSE,418,6759-7915-8288-3076
146,2020-06-08,2020-11-17,VCA130,FALSE,162,6767-4537-7376-8479-32
147,2020-07-23,2021-01-26,VCA131,TRUE,176,6472-6223-0648-1906-88
148,2020-09-10,2021-02-03,VCA132,FALSE,146,3054-406676-7927
149,2020-11-05,2021-03-18,VCA133,FALSE,133,6767-2245-5556-6157
150,2021-03-24,2021-03-25,VCA134,FALSE,1,6552-6269-7878-8593-02
151,2021-04-01,2021-04-19,VCA135,FALSE,18,3735-688747-28246
152,2021-05-11,2021-07-07,VCA136,FALSE,57,4764-5816-8232-7684
153,2021-10-08,2021-12-30,VCA137,FALSE,83,3528-9922-0695-4993
154,2021-12-22,2021-12-31,VCA138,FALSE,9,3797-247032-59238
155,2019-05-19,2019-08-16,VCA122,FALSE,89,6011-9055-4408-8376
156,2019-08-13,2019-09-12,VCA123,FALSE,30,6709-0587-4310-1923-35
157,2019-09-27,2019-11-17,VCA124,FALSE,51,6759-9459-5954-1317-53
158,2019-10-14,2020-03-30,VCA125,FALSE,168,3528-0766-0209-4984
159,2019-10-22,2020-03-31,VCA126,FALSE,161,3528-7474-4895-7549
160,2019-12-22,2020-04-08,VCA127,FALSE,108,6767-0533-0947-8102-38
161,2020-01-24,2020-08-13,VCA128,TRUE,132,6759-3491-8854-5991-12
162,2020-06-08,2020-08-21,VCA129,FALSE,74,6585-6267-4084-3810-66
163,2020-09-14,2020-10-24,VCA130,FALSE,40,4861-7186-9649-4009
164,2020-10-06,2020-10-26,VCA131,FALSE,20,6706-8863-7311-1493
165,2020-10-12,2020-11-18,VCA132,FALSE,37,6759-9549-4926-0487-53
166,2020-10-26,2020-12-07,VCA133,FALSE,42,6706-6724-7556-5875
167,2020-12-13,2021-01-18,VCA134,FALSE,36,6767-2119-2355-2417-68
168,2021-01-29,2021-02-01,VCA135,FALSE,3,5018-4006-9997-1587-75
169,2021-03-29,2021-04-09,VCA136,FALSE,11,5893-6589-1518-9506
170,2021-07-23,2021-08-04,VCA137,FALSE,12,4572-6188-40890
171,2021-09-05,2021-11-08,VCA138,FALSE,64,3528-6512-6253-4824
172,2019-06-30,2019-07-09,VCA122,FALSE,9,6767-8546-9498-0315-95
173,2019-08-20,2019-10-09,VCA123,FALSE,50,3541-0071-5053-6434
174,2019-09-03,2019-10-30,VCA124,FALSE,57,4708-9952-51632
175,2019-09-08,2019-10-31,VCA125,TRUE,27,6767-3642-4761-6953-04
176,2019-09-10,2019-11-19,VCA126,FALSE,70,6706-1114-1191-4273
177,2019-12-11,2020-01-09,VCA127,FALSE,29,3014-163654-1744
178,2020-03-06,2020-09-06,VCA128,FALSE,184,6767-3375-4734-8177
179,2020-07-10,2020-11-01,VCA129,FALSE,114,6771-8945-5360-0014
180,2020-11-17,2020-12-12,VCA130,FALSE,25,6464-3484-7190-7221
181,2021-01-26,2021-03-23,VCA131,FALSE,56,6759-7560-6187-0215
182,2021-02-03,2021-04-20,VCA132,TRUE,90,6759-9299-4507-0116-42
183,2021-03-18,2021-05-04,VCA133,FALSE,47,6759-3656-2701-6709-75
184,2021-03-24,2021-06-24,VCA134,FALSE,92,5038-6000-6749-0981
185,2021-04-19,2021-06-28,VCA135,FALSE,70,6771-8903-5904-5051
186,2021-05-11,2021-07-26,VCA136,FALSE,76,3671-531303-4996
187,2021-07-30,2021-10-08,VCA137,FALSE,70,6771-8906-0734-7479
188,2021-10-25,2021-12-22,VCA138,FALSE,58,6767-9553-3867-3231-72
189,2019-05-19,2019-08-31,VCA122,TRUE,37,3484-903874-96015
190,2019-08-13,2019-09-03,VCA123,FALSE,21,3529-8616-0629-6375
191,2019-10-02,2019-11-17,VCA124,FALSE,46,3460-160805-81314
192,2020-01-24,2020-03-30,VCA125,FALSE,66,3496-083607-31905
193,2020-01-28,2020-03-31,VCA126,FALSE,63,3008-663607-2133
194,2020-02-29,2020-04-08,VCA127,FALSE,39,3529-8062-7247-4665
195,2020-03-09,2020-08-13,VCA128,FALSE,157,3614-645208-7951
196,2020-08-21,2020-10-29,VCA129,TRUE,70,3528-2985-7305-4264
197,2020-09-14,2021-01-04,VCA130,FALSE,112,3790-495712-16643
198,2020-10-06,2021-01-15,VCA131,FALSE,101,3528-6055-2517-3943
199,2020-10-12,2021-01-30,VCA132,FALSE,110,3529-2670-7525-7395
200,2020-10-26,2021-02-03,VCA133,FALSE,100,6011-6255-9861-3717-47
201,2021-01-18,2021-04-12,VCA134,FALSE,84,6709699384407603
202,2021-02-01,2021-06-20,VCA135,FALSE,139,3541-9146-1464-7483
203,2021-03-29,2021-09-14,VCA136,TRUE,73,6709-0897-6357-1903-80
204,2021-08-04,2021-09-29,VCA137,FALSE,56,6709965816912435
205,2021-09-05,2021-10-22,VCA138,FALSE,47,4223-7688-9900-9772
206,2019-04-27,2019-07-09,VCA122,FALSE,73,3529-0745-1073-3341
207,2019-05-05,2019-08-20,VCA123,FALSE,107,6759-2673-2672-0123-41
208,2019-06-01,2019-09-03,VCA124,FALSE,94,3726-358256-46067
209,2019-06-11,2019-09-08,VCA125,FALSE,89,6374-5218-2104-0868
210,2019-06-28,2019-09-10,VCA126,TRUE,31,3653-274340-5464
211,2019-07-17,2019-12-11,VCA127,FALSE,147,6709-1895-5205-2409
212,2019-08-25,2020-09-06,VCA128,FALSE,378,4208-0917-6670-6849
213,2019-09-10,2020-11-01,VCA129,FALSE,418,3415-873175-06952
214,2020-06-08,2020-11-17,VCA130,FALSE,162,6445-6241-0059-4238-78
215,2020-07-23,2021-01-26,VCA131,FALSE,187,6304-1148-7984-3188
216,2020-09-10,2021-02-03,VCA132,FALSE,146,3575-4172-9290-3116
217,2020-11-05,2021-03-18,VCA133,TRUE,58,4974-4346-27545
218,2021-03-24,2021-03-25,VCA134,FALSE,1,6767-9535-5642-3786-11
219,2021-04-01,2021-04-19,VCA135,FALSE,18,5582-8114-6588-0166
220,2021-05-11,2021-07-07,VCA136,FALSE,57,6592-6872-3118-9080
221,2021-10-08,2021-12-30,VCA137,FALSE,83,5440-6858-9000-5369
222,2021-12-22,2021-12-31,VCA138,FALSE,9,5020-0616-4031-5082-12
223,2019-05-19,2019-08-16,VCA122,FALSE,89,5451-1748-9104-3204
224,2019-08-13,2019-09-12,VCA123,TRUE,27,3422-458584-90741
225,2019-09-27,2019-11-17,VCA124,FALSE,51,3614-494909-6980
226,2019-10-14,2020-03-30,VCA125,FALSE,168,6771472430968096
227,2019-10-22,2020-03-31,VCA126,FALSE,161,4565-2465-57264
228,2019-12-22,2020-04-08,VCA127,FALSE,108,6771407506184200
229,2020-01-24,2020-08-13,VCA128,FALSE,202,3783-033520-35364
230,2020-06-08,2020-08-21,VCA129,FALSE,74,4764-8066-35194
231,2020-09-14,2020-10-24,VCA130,TRUE,25,6771-8911-1338-9054
232,2020-10-06,2020-10-26,VCA131,FALSE,20,6767-3283-9252-1216-61
233,2020-10-12,2020-11-18,VCA132,FALSE,37,6767-5805-2747-3689
234,2020-10-26,2020-12-07,VCA133,FALSE,42,4376-3944-70569
235,2020-12-13,2021-01-18,VCA134,FALSE,36,5020-0870-2903-4124-64
236,2021-01-29,2021-02-01,VCA135,FALSE,3,6011-5652-7848-0753
237,2021-03-29,2021-04-09,VCA136,FALSE,11,5143-4323-6556-6427
238,2021-07-23,2021-08-04,VCA137,FALSE,12,6771472430968096
239,2021-09-05,2021-11-08,VCA138,FALSE,64,4565-2465-57264
240,2019-06-30,2019-07-09,VCA122,FALSE,9,6771407506184200
241,2019-08-20,2019-10-09,VCA123,FALSE,50,3783-033520-35364
242,2019-09-03,2019-10-30,VCA124,FALSE,57,4764-8066-35194
243,2019-09-08,2019-10-31,VCA125,FALSE,53,6771-8911-1338-9054
244,2019-09-10,2019-11-19,VCA126,FALSE,70,6767-3283-9252-1216-61
245,2019-12-11,2020-01-09,VCA127,TRUE,25,6767-5805-2747-3689
246,2020-03-06,2020-09-06,VCA128,FALSE,184,4376-3944-70569
247,2020-07-10,2020-11-01,VCA129,FALSE,114,5020-0870-2903-4124-64
248,2020-11-17,2020-12-12,VCA130,FALSE,25,6011-5652-7848-0753
249,2021-01-26,2021-03-23,VCA131,FALSE,56,5143-4323-6556-6427
250,2021-02-03,2021-04-20,VCA132,FALSE,76,3671-531303-4996
251,2021-03-18,2021-05-04,VCA133,FALSE,47,6767-3642-4761-6953-04
252,2021-03-24,2021-06-24,VCA134,TRUE,102,6706-1114-1191-4273
253,2021-04-19,2021-06-28,VCA135,FALSE,70,3014-163654-1744
254,2021-05-11,2021-07-26,VCA136,FALSE,76,6767-3375-4734-8177
255,2021-07-30,2021-10-08,VCA137,FALSE,70,6771-8945-5360-0014
256,2021-10-25,2021-12-22,VCA138,FALSE,58,6464-3484-7190-7221
257,2019-05-19,2019-08-31,VCA122,FALSE,104,6759-7560-6187-0215
258,2019-08-13,2019-09-03,VCA123,FALSE,21,3528-0766-0209-4984
259,2019-10-02,2019-11-17,VCA124,TRUE,12,3528-7474-4895-7549
260,2020-01-24,2020-03-30,VCA125,FALSE,66,6767-0533-0947-8102-38
261,2020-01-28,2020-03-31,VCA126,FALSE,63,6759-3491-8854-5991-12
262,2020-02-29,2020-04-08,VCA127,FALSE,39,6585-6267-4084-3810-66
263,2020-03-09,2020-08-13,VCA128,FALSE,157,4861-7186-9649-4009
264,2020-08-21,2020-10-29,VCA129,FALSE,69,6706-8863-7311-1493
265,2020-09-14,2021-01-04,VCA130,FALSE,112,3008-663607-2133
266,2020-10-06,2021-01-15,VCA131,TRUE,107,5374-8390-2875-2162
267,2020-10-12,2021-01-30,VCA132,FALSE,110,6771384360698559
268,2020-10-26,2021-02-03,VCA133,FALSE,100,5412-1403-0177-4858
269,2021-01-18,2021-04-12,VCA134,FALSE,84,6390-7148-0060-5847
270,2021-02-01,2021-06-20,VCA135,FALSE,139,5486-1266-7944-5440
271,2021-03-29,2021-09-14,VCA136,FALSE,169,6759-6228-2902-7250
272,2021-08-04,2021-09-29,VCA137,FALSE,56,5018-1003-3945-0295
273,2021-09-05,2021-10-22,VCA138,TRUE,10,6759-7915-8288-3076
275,2019-04-27,2019-07-09,VCA122,FALSE,73,3529-8616-0629-6375
276,2019-05-05,2019-08-20,VCA123,FALSE,107,3460-160805-81314
277,2019-06-01,2019-09-03,VCA124,FALSE,94,3496-083607-31905
278,2019-06-11,2019-09-08,VCA125,FALSE,89,3008-663607-2133
279,2019-06-28,2019-09-10,VCA126,FALSE,74,3529-8062-7247-4665
280,2019-07-17,2019-12-11,VCA127,TRUE,154,3614-645208-7951
281,2019-08-25,2020-09-06,VCA128,FALSE,378,3528-2985-7305-4264
282,2019-09-10,2020-11-01,VCA129,FALSE,418,3790-495712-16643
283,2020-06-08,2020-11-17,VCA130,FALSE,162,3528-6055-2517-3943
284,2020-07-23,2021-01-26,VCA131,FALSE,187,3529-2670-7525-7395
285,2020-09-10,2021-02-03,VCA132,FALSE,146,6011-6255-9861-3717-47
286,2020-11-05,2021-03-18,VCA133,FALSE,133,6709699384407603
287,2021-03-24,2021-03-25,VCA134,FALSE,1,3541-9146-1464-7483
288,2021-04-01,2021-04-19,VCA135,FALSE,18,6709-0897-6357-1903-80
289,2021-05-11,2021-07-07,VCA136,FALSE,57,6709965816912435
290,2021-10-08,2021-12-30,VCA137,FALSE,83,4223-7688-9900-9772
291,2021-12-22,2021-12-31,VCA138,FALSE,9,3529-0745-1073-3341
292,2019-05-19,2019-08-16,VCA122,FALSE,89,6759-2673-2672-0123-41
293,2019-08-13,2019-09-12,VCA123,FALSE,30,3726-358256-46067
294,2019-09-27,2019-11-17,VCA124,TRUE,16,6374-5218-2104-0868
295,2019-10-14,2020-03-30,VCA125,FALSE,168,3653-274340-5464
296,2019-10-22,2020-03-31,VCA126,FALSE,161,6709-1895-5205-2409
297,2019-12-22,2020-04-08,VCA127,FALSE,108,4208-0917-6670-6849
298,2020-01-24,2020-08-13,VCA128,FALSE,202,3415-873175-06952
299,2020-06-08,2020-08-21,VCA129,FALSE,74,6445-6241-0059-4238-78
300,2020-09-14,2020-10-24,VCA130,FALSE,40,6304-1148-7984-3188
301,2020-10-06,2020-10-26,VCA131,TRUE,14,3575-4172-9290-3116
302,2020-10-12,2020-11-18,VCA132,FALSE,37,4974-4346-27545
303,2020-10-26,2020-12-07,VCA133,FALSE,42,6767-9535-5642-3786-11
304,2020-12-13,2021-01-18,VCA134,FALSE,36,5582-8114-6588-0166
305,2021-01-29,2021-02-01,VCA135,FALSE,3,6592-6872-3118-9080
306,2021-03-29,2021-04-09,VCA136,FALSE,11,5440-6858-9000-5369
307,2021-07-23,2021-08-04,VCA137,FALSE,12,5020-0616-4031-5082-12
308,2021-09-05,2021-11-08,VCA138,TRUE,61,5451-1748-9104-3204
309,2019-06-30,2019-07-09,VCA122,FALSE,9,3422-458584-90741
310,2019-08-20,2019-10-09,VCA123,FALSE,50,3614-494909-6980
311,2019-09-03,2019-10-30,VCA124,FALSE,57,6771472430968096
312,2019-09-08,2019-10-31,VCA125,FALSE,53,4565-2465-57264
313,2019-09-10,2019-11-19,VCA126,FALSE,70,6771407506184200
314,2019-12-11,2020-01-09,VCA127,FALSE,29,3783-033520-35364
315,2020-03-06,2020-09-06,VCA128,TRUE,48,4764-8066-35194
316,2020-07-10,2020-11-01,VCA129,FALSE,114,6771-8911-1338-9054
317,2020-11-17,2020-12-12,VCA130,FALSE,25,6767-3283-9252-1216-61
318,2021-01-26,2021-03-23,VCA131,FALSE,56,6767-5805-2747-3689
319,2021-02-03,2021-04-20,VCA132,FALSE,76,4376-3944-70569
320,2021-03-18,2021-05-04,VCA133,FALSE,47,5020-0870-2903-4124-64
321,2021-03-24,2021-06-24,VCA134,FALSE,92,6011-5652-7848-0753
322,2021-04-19,2021-06-28,VCA135,TRUE,81,5143-4323-6556-6427
323,2021-05-11,2021-07-26,VCA136,FALSE,76,3671-531303-4996
324,2021-07-30,2021-10-08,VCA137,FALSE,70,6759-3656-2701-6709-75
325,2021-10-25,2021-12-22,VCA138,FALSE,58,5038-6000-6749-0981
326,2019-05-19,2019-08-31,VCA122,FALSE,104,6771-8903-5904-5051
327,2019-08-13,2019-09-03,VCA123,FALSE,21,3671-531303-4996
328,2019-10-02,2019-11-17,VCA124,FALSE,46,3008-663607-2133
329,2020-01-24,2020-03-30,VCA125,TRUE,69,6771-8945-5360-0014
330,2020-01-28,2020-03-31,VCA126,FALSE,63,6464-3484-7190-7221
331,2020-02-29,2020-04-08,VCA127,FALSE,39,6767-4537-7376-8479-32
332,2020-03-09,2020-08-13,VCA128,FALSE,157,6472-6223-0648-1906-88
333,2020-08-21,2020-10-29,VCA129,FALSE,69,3054-406676-7927
334,2020-09-14,2021-01-04,VCA130,FALSE,112,6767-2245-5556-6157
335,2020-10-06,2021-01-15,VCA131,FALSE,101,6552-6269-7878-8593-02
336,2020-10-12,2021-01-30,VCA132,TRUE,101,3735-688747-28246
337,2020-10-26,2021-02-03,VCA133,FALSE,100,4764-5816-8232-7684
338,2021-01-18,2021-04-12,VCA134,FALSE,84,3528-9922-0695-4993
339,2021-02-01,2021-06-20,VCA135,FALSE,139,3797-247032-59238
340,2021-03-29,2021-09-14,VCA136,FALSE,169,6011-9055-4408-8376
341,2021-08-04,2021-09-29,VCA137,FALSE,56,6709-0587-4310-1923-35
342,2021-09-05,2021-10-22,VCA138,FALSE,47,6759-9459-5954-1317-53
343,2019-04-27,2019-07-09,VCA122,TRUE,51,3529-8062-7247-4665
344,2019-05-05,2019-08-20,VCA123,FALSE,107,3528-0766-0209-4984
345,2019-06-01,2019-09-03,VCA124,FALSE,94,3528-7474-4895-7549
346,2019-06-11,2019-09-08,VCA125,FALSE,89,6767-0533-0947-8102-38
347,2019-06-28,2019-09-10,VCA126,FALSE,74,6759-3491-8854-5991-12
348,2019-07-17,2019-12-11,VCA127,FALSE,147,6585-6267-4084-3810-66
349,2019-08-25,2020-09-06,VCA128,FALSE,378,4861-7186-9649-4009
350,2019-09-10,2020-11-01,VCA129,TRUE,111,6706-8863-7311-1493
351,2019-05-11,2020-06-08,VCA130,FALSE,394,3790-495712-16643
352,2019-06-04,2020-07-23,VCA131,FALSE,415,6759-9549-4926-0487-53
353,2019-07-08,2020-09-10,VCA132,FALSE,430,6706-6724-7556-5875
354,2019-07-15,2020-11-05,VCA133,FALSE,479,6767-2119-2355-2417-68
355,2019-09-05,2021-03-25,VCA134,FALSE,567,5018-4006-9997-1587-75
356,2019-11-01,2021-04-01,VCA135,FALSE,517,5893-6589-1518-9506
357,2019-12-31,2021-07-07,VCA136,TRUE,137,6709-0897-6357-1903-80
358,2020-01-27,2021-12-30,VCA137,FALSE,703,3528-6512-6253-4824
359,2020-04-15,2021-12-31,VCA138,FALSE,625,6767-8546-9498-0315-95
360,2019-05-19,2020-07-03,VCA122,FALSE,411,3541-0071-5053-6434
361,2019-08-13,2020-12-27,VCA123,FALSE,502,4708-9952-51632
362,2019-11-17,2021-01-16,VCA124,FALSE,426,6374-5218-2104-0868
363,2020-03-30,2021-01-18,VCA125,FALSE,294,6445-6241-0059-4238-78
364,2020-03-31,2021-03-15,VCA126,TRUE,214,6304-1148-7984-3188
365,2020-04-08,2021-03-17,VCA127,FALSE,343,3575-4172-9290-3116
366,2020-08-13,2021-04-18,VCA128,FALSE,248,4974-4346-27545
367,2020-08-21,2021-08-12,VCA129,FALSE,356,6767-9535-5642-3786-11
368,2020-09-14,2021-08-25,VCA130,FALSE,345,5582-8114-6588-0166
369,2020-10-06,2021-09-04,VCA131,FALSE,333,6592-6872-3118-9080
370,2020-10-12,2021-09-08,VCA132,FALSE,331,5440-6858-9000-5369
371,2020-10-26,2021-09-10,VCA133,TRUE,192,5020-0616-4031-5082-12
372,2021-01-18,2021-10-13,VCA134,FALSE,268,5451-1748-9104-3204
373,2021-02-01,2021-12-16,VCA135,FALSE,318,3422-458584-90741
374,2021-03-29,2021-12-20,VCA136,FALSE,266,3614-494909-6980
375,2021-08-04,2021-12-24,VCA137,FALSE,142,6771472430968096
376,2021-09-05,2021-11-08,VCA138,FALSE,64,4565-2465-57264
377,2019-05-29,2019-07-09,VCA122,FALSE,41,6771407506184200
378,2019-06-05,2019-08-20,VCA123,TRUE,86,3783-033520-35364
379,2019-07-04,2019-09-03,VCA124,FALSE,61,4764-8066-35194
380,2019-07-18,2019-09-08,VCA125,FALSE,52,6771-8911-1338-9054
381,2019-07-22,2019-09-10,VCA126,FALSE,50,6767-3283-9252-1216-61
382,2019-08-19,2019-12-11,VCA127,FALSE,114,6767-5805-2747-3689
383,2019-09-16,2020-09-06,VCA128,FALSE,356,4376-3944-70569
384,2019-10-05,2020-11-01,VCA129,FALSE,393,5020-0870-2903-4124-64
385,2019-11-24,2020-11-17,VCA130,TRUE,213,6011-5652-7848-0753
386,2019-12-08,2021-01-26,VCA131,FALSE,415,5143-4323-6556-6427
387,2020-01-01,2021-02-03,VCA132,FALSE,399,3671-531303-4996
388,2020-01-30,2021-03-18,VCA133,FALSE,413,6767-3642-4761-6953-04
389,2020-08-22,2021-03-24,VCA134,FALSE,214,6706-1114-1191-4273
390,2020-11-26,2021-04-19,VCA135,FALSE,144,3014-163654-1744
391,2021-01-25,2021-05-11,VCA136,FALSE,106,6767-3375-4734-8177
392,2021-01-31,2021-10-08,VCA137,TRUE,297,6771-8945-5360-0014
393,2021-02-10,2021-12-22,VCA138,FALSE,315,6464-3484-7190-7221
394,2019-08-31,2021-06-30,VCA122,FALSE,669,6759-7560-6187-0215
395,2019-09-03,2021-07-04,VCA123,FALSE,670,3528-0766-0209-4984
396,2019-10-02,2021-08-08,VCA124,FALSE,676,3528-7474-4895-7549
397,2020-01-24,2021-08-17,VCA125,FALSE,571,6767-0533-0947-8102-38
398,2020-01-28,2021-10-12,VCA126,FALSE,623,6759-3491-8854-5991-12
399,2020-02-29,2021-11-04,VCA127,TRUE,457,6585-6267-4084-3810-66
400,2020-03-09,2021-11-27,VCA128,FALSE,628,4861-7186-9649-4009
401,2019-05-02,2021-12-11,VCA129,FALSE,954,6706-8863-7311-1493
402,2019-05-07,2020-09-14,VCA130,FALSE,496,3008-663607-2133
403,2019-05-30,2020-10-06,VCA131,FALSE,495,5374-8390-2875-2162
404,2019-07-29,2020-10-12,VCA132,FALSE,441,6771384360698559
405,2019-08-22,2020-10-26,VCA133,FALSE,431,5412-1403-0177-4858
406,2019-12-01,2021-01-18,VCA134,TRUE,353,6390-7148-0060-5847
407,2019-12-03,2021-02-01,VCA135,FALSE,426,5486-1266-7944-5440
408,2019-12-21,2021-03-29,VCA136,FALSE,464,6759-6228-2902-7250
409,2020-01-10,2021-08-04,VCA137,FALSE,572,5018-1003-3945-0295
410,2019-05-30,2020-04-30,VCA138,FALSE,336,6759-7915-8288-3076
411,2019-07-30,2020-06-13,VCA122,FALSE,319,5374-8390-2875-2162
412,2019-08-02,2020-06-18,VCA123,FALSE,321,6771384360698559
413,2019-08-13,2020-07-14,VCA124,TRUE,235,5412-1403-0177-4858
414,2019-09-19,2020-07-21,VCA125,FALSE,306,6390-7148-0060-5847
415,2019-09-20,2020-09-11,VCA126,FALSE,357,5486-1266-7944-5440
416,2019-09-26,2020-09-19,VCA127,FALSE,359,6759-6228-2902-7250
417,2019-10-08,2020-11-02,VCA128,FALSE,391,5018-1003-3945-0295
418,2019-12-11,2020-11-16,VCA129,FALSE,341,6759-7915-8288-3076
419,2020-01-25,2021-01-30,VCA130,FALSE,371,6767-4537-7376-8479-32
420,2020-09-10,2021-02-01,VCA131,TRUE,93,6472-6223-0648-1906-88
421,2020-09-15,2021-02-13,VCA132,FALSE,151,3054-406676-7927
422,2020-09-26,2021-05-21,VCA133,FALSE,237,6767-2245-5556-6157
423,2020-10-24,2021-08-03,VCA134,FALSE,283,6552-6269-7878-8593-02
424,2020-11-25,2021-10-22,VCA135,FALSE,331,3735-688747-28246
425,2020-12-11,2021-11-26,VCA136,FALSE,350,4764-5816-8232-7684
426,2019-04-24,2020-12-12,VCA137,FALSE,598,3528-9922-0695-4993
427,2019-05-30,2021-03-18,VCA138,TRUE,245,3797-247032-59238
428,2019-08-09,2021-03-26,VCA122,FALSE,595,6011-9055-4408-8376
429,2019-09-01,2021-04-02,VCA123,FALSE,579,6709-0587-4310-1923-35
430,2019-10-22,2021-05-12,VCA124,FALSE,568,6759-9459-5954-1317-53
431,2020-01-15,2021-08-21,VCA125,FALSE,584,3528-0766-0209-4984
432,2020-03-12,2021-08-27,VCA126,FALSE,533,3528-7474-4895-7549
433,2020-04-18,2021-11-29,VCA127,FALSE,590,6767-0533-0947-8102-38
434,2020-05-10,2021-12-07,VCA128,TRUE,641,6759-3491-8854-5991-12
435,2020-05-30,2020-08-21,VCA129,FALSE,83,6585-6267-4084-3810-66
436,2020-07-14,2020-09-14,VCA130,FALSE,62,4861-7186-9649-4009
437,2019-06-24,2020-08-08,VCA131,FALSE,411,6706-8863-7311-1493
438,2019-07-30,2020-08-28,VCA132,FALSE,395,6759-9549-4926-0487-53
439,2019-08-20,2020-09-20,VCA133,FALSE,397,6706-6724-7556-5875
440,2019-10-24,2020-11-17,VCA134,FALSE,390,6767-2119-2355-2417-68
441,2019-10-31,2020-12-02,VCA135,TRUE,317,5018-4006-9997-1587-75
442,2019-11-17,2021-04-28,VCA136,FALSE,528,5893-6589-1518-9506
443,2019-12-03,2021-05-20,VCA137,FALSE,534,4572-6188-40890
444,2020-01-20,2021-05-31,VCA138,FALSE,497,3528-6512-6253-4824
445,2020-02-01,2021-08-31,VCA122,FALSE,577,6767-8546-9498-0315-95
446,2020-03-18,2021-09-06,VCA123,FALSE,537,3541-0071-5053-6434
447,2020-06-21,2021-09-12,VCA124,FALSE,448,4708-9952-51632
448,2020-08-06,2021-12-08,VCA125,TRUE,315,6767-3642-4761-6953-04
449,2020-10-22,2021-12-12,VCA126,FALSE,416,6706-1114-1191-4273
450,2020-11-29,2021-12-22,VCA127,FALSE,388,3014-163654-1744
451,2020-09-06,2020-12-01,VCA128,FALSE,86,6767-3375-4734-8177
452,2020-11-01,2020-12-16,VCA129,FALSE,45,6771-8945-5360-0014
453,2020-11-17,2021-01-26,VCA130,FALSE,70,6464-3484-7190-7221
454,2019-06-24,2021-02-02,VCA131,FALSE,589,6759-7560-6187-0215
455,2019-07-30,2021-02-10,VCA132,TRUE,467,6759-9299-4507-0116-42
456,2019-08-20,2021-03-04,VCA133,FALSE,562,6759-3656-2701-6709-75
457,2019-10-24,2021-04-25,VCA134,FALSE,549,5038-6000-6749-0981
458,2019-10-31,2021-05-06,VCA135,FALSE,553,6771-8903-5904-5051
459,2019-11-17,2021-07-25,VCA136,FALSE,616,3671-531303-4996
460,2019-12-03,2021-09-06,VCA137,FALSE,643,6771-8906-0734-7479
461,2020-01-20,2021-10-16,VCA138,FALSE,635,6767-9553-3867-3231-72
462,2019-05-19,2020-02-01,VCA122,TRUE,228,3484-903874-96015
463,2019-08-13,2020-03-18,VCA123,FALSE,218,3529-8616-0629-6375
464,2019-11-17,2020-06-21,VCA124,FALSE,217,3460-160805-81314
465,2020-03-30,2020-08-06,VCA125,FALSE,129,3496-083607-31905
466,2020-03-31,2020-10-22,VCA126,FALSE,205,3008-663607-2133
467,2020-04-08,2020-11-29,VCA127,FALSE,235,3529-8062-7247-4665
468,2020-08-13,2020-12-01,VCA128,FALSE,110,3614-645208-7951
469,2020-08-21,2020-12-16,VCA129,TRUE,90,3528-2985-7305-4264
470,2020-09-14,2021-01-26,VCA130,FALSE,134,3790-495712-16643
471,2020-10-06,2021-02-02,VCA131,FALSE,119,3528-6055-2517-3943
472,2020-10-12,2021-02-10,VCA132,FALSE,121,3529-2670-7525-7395
473,2020-10-26,2021-03-04,VCA133,FALSE,129,6011-6255-9861-3717-47
474,2021-01-18,2021-04-25,VCA134,FALSE,97,6709699384407603
475,2021-02-01,2021-05-06,VCA135,FALSE,94,3541-9146-1464-7483
476,2021-03-29,2021-07-25,VCA136,TRUE,68,6709-0897-6357-1903-80
477,2019-07-28,2021-09-06,VCA137,FALSE,771,6709965816912435
478,2019-09-25,2021-10-16,VCA138,FALSE,752,4223-7688-9900-9772
479,2019-07-09,2020-01-15,VCA122,FALSE,190,3529-0745-1073-3341
480,2019-08-20,2020-04-17,VCA123,FALSE,241,6759-2673-2672-0123-41
481,2019-09-03,2020-06-08,VCA124,FALSE,279,3726-358256-46067
482,2019-09-08,2020-06-23,VCA125,FALSE,289,6374-5218-2104-0868
483,2019-09-10,2020-08-01,VCA126,TRUE,263,3653-274340-5464
484,2019-12-11,2020-08-19,VCA127,FALSE,252,6709-1895-5205-2409
485,2020-08-20,2020-09-06,VCA128,FALSE,17,4208-0917-6670-6849
486,2020-09-13,2020-11-01,VCA129,FALSE,49,3415-873175-06952
487,2020-09-17,2020-11-17,VCA130,FALSE,61,6445-6241-0059-4238-78
488,2020-09-26,2021-01-26,VCA131,FALSE,122,6304-1148-7984-3188
489,2020-11-17,2021-02-03,VCA132,FALSE,78,3575-4172-9290-3116
490,2020-11-21,2021-03-18,VCA133,TRUE,61,4974-4346-27545
491,2020-12-05,2021-03-24,VCA134,FALSE,109,6767-9535-5642-3786-11
492,2020-12-20,2021-04-19,VCA135,FALSE,120,5582-8114-6588-0166
493,2020-12-28,2021-05-11,VCA136,FALSE,134,6592-6872-3118-9080
494,2021-02-24,2021-10-08,VCA137,FALSE,226,5440-6858-9000-5369
495,2021-03-08,2021-12-22,VCA138,FALSE,289,5020-0616-4031-5082-12
496,2019-08-16,2021-04-09,VCA122,FALSE,602,5451-1748-9104-3204
497,2019-09-12,2021-07-22,VCA123,TRUE,406,3422-458584-90741
498,2019-09-27,2021-08-04,VCA124,FALSE,677,3614-494909-6980
499,2019-10-14,2021-08-23,VCA125,FALSE,679,6771472430968096
500,2019-10-22,2021-10-05,VCA126,FALSE,714,4565-2465-57264
501,2019-12-22,2021-10-22,VCA127,FALSE,670,6771407506184200
502,2020-01-24,2020-08-13,VCA128,FALSE,202,3783-033520-35364
503,2020-06-08,2020-08-21,VCA129,FALSE,74,4764-8066-35194
504,2020-09-14,2020-10-24,VCA130,TRUE,33,6771-8911-1338-9054
505,2020-10-06,2020-10-26,VCA131,FALSE,20,6767-3283-9252-1216-61
506,2020-10-12,2020-11-18,VCA132,FALSE,37,6767-5805-2747-3689
507,2020-10-26,2020-12-07,VCA133,FALSE,42,4376-3944-70569
508,2020-12-13,2021-01-18,VCA134,FALSE,36,5020-0870-2903-4124-64
509,2021-01-29,2021-02-01,VCA135,FALSE,3,6011-5652-7848-0753
510,2021-03-29,2021-04-09,VCA136,FALSE,11,5143-4323-6556-6427
511,2021-07-23,2021-08-04,VCA137,FALSE,12,6771472430968096
512,2021-09-05,2021-11-08,VCA138,FALSE,64,4565-2465-57264
513,2019-06-30,2019-07-09,VCA122,FALSE,9,6771407506184200
514,2019-08-20,2019-10-09,VCA123,FALSE,50,3783-033520-35364
515,2019-09-03,2019-10-30,VCA124,FALSE,57,4764-8066-35194
516,2019-09-08,2019-10-31,VCA125,FALSE,53,6771-8911-1338-9054
517,2019-09-10,2019-11-19,VCA126,FALSE,70,6767-3283-9252-1216-61
518,2019-12-11,2020-01-09,VCA127,TRUE,26,6767-5805-2747-3689
519,2020-03-06,2020-09-06,VCA128,FALSE,184,4376-3944-70569
520,2020-07-10,2020-11-01,VCA129,FALSE,114,5020-0870-2903-4124-64
521,2020-11-17,2020-12-12,VCA130,FALSE,25,6011-5652-7848-0753
522,2021-01-26,2021-03-23,VCA131,FALSE,56,5143-4323-6556-6427
523,2021-02-03,2021-04-20,VCA132,FALSE,76,3671-531303-4996
524,2021-03-18,2021-05-04,VCA133,FALSE,47,6767-3642-4761-6953-04
525,2021-03-24,2021-06-24,VCA134,TRUE,73,6706-1114-1191-4273
526,2021-04-19,2021-06-28,VCA135,FALSE,70,3014-163654-1744
527,2021-05-11,2021-07-26,VCA136,FALSE,76,6767-3375-4734-8177
528,2021-07-30,2021-10-08,VCA137,FALSE,70,6771-8945-5360-0014
529,2021-10-25,2021-12-22,VCA138,FALSE,58,6464-3484-7190-7221
530,2019-05-19,2019-08-31,VCA122,FALSE,104,6759-7560-6187-0215
531,2019-08-13,2019-09-03,VCA123,FALSE,21,3528-0766-0209-4984
532,2019-10-02,2019-11-17,VCA124,TRUE,12,3528-7474-4895-7549
533,2020-01-24,2020-03-30,VCA125,FALSE,66,6767-0533-0947-8102-38
534,2020-01-28,2020-03-31,VCA126,FALSE,63,6759-3491-8854-5991-12
535,2020-02-29,2020-04-08,VCA127,FALSE,39,6585-6267-4084-3810-66
536,2020-03-09,2020-08-13,VCA128,FALSE,157,4861-7186-9649-4009
537,2020-08-21,2020-10-29,VCA129,FALSE,69,6706-8863-7311-1493
538,2020-09-14,2021-01-04,VCA130,FALSE,112,3008-663607-2133
539,2020-10-06,2021-01-15,VCA131,TRUE,72,5374-8390-2875-2162
540,2020-10-12,2021-01-30,VCA132,FALSE,110,6771384360698559
541,2020-10-26,2021-02-03,VCA133,FALSE,100,5412-1403-0177-4858
542,2021-01-18,2021-04-12,VCA134,FALSE,84,6390-7148-0060-5847
543,2021-02-01,2021-06-20,VCA135,FALSE,139,5486-1266-7944-5440
544,2021-03-29,2021-09-14,VCA136,FALSE,169,6759-6228-2902-7250
545,2021-08-04,2021-09-29,VCA137,FALSE,56,5018-1003-3945-0295
546,2021-09-05,2021-10-22,VCA138,TRUE,55,6759-7915-8288-3076
